{
  "scaler_mean": [
    67073.28875,
    42684.34875,
    674.86125,
    187208.35875,
    129.78,
    109757.6375,
    1.9136065073606454,
    4141.184144097222,
    1.2825
  ],
  "scaler_scale": [
    32729.874363039853,
    22181.795228680734,
    95.86181199225007,
    112505.99963518634,
    114.34103200513805,
    38739.40210652578,
    1.4064398810804337,
    5476.17232455228,
    0.9288130866864441
  ],
  "lr_coef": [
    0.7473430765983756,
    0.36940745892677096,
    2.9220094181217675,
    -3.8287352269715904,
    -2.6637334602098703,
    0.8429290034786743,
    -3.33830051301167,
    14.20648295273114,
    -0.6908810398236241
  ],
  "lr_intercept": 11.884459515670345,
  "accuracy": 0.99,
  "roc_auc": 0.9961043360433603,
  "confusion_matrix": [
    [
      34,
      2
    ],
    [
      0,
      164
    ]
  ],
  "segment_counts": {
    "Prime Borrower": 423,
    "Emerging Credit": 363,
    "Moderate Risk": 169,
    "High Risk": 45
  },
  "segment_approval_rates": {
    "Emerging Credit": 0.8071625344352618,
    "High Risk": 0.4666666666666667,
    "Moderate Risk": 0.5739644970414202,
    "Prime Borrower": 0.9527186761229315
  },
  "class_dist": {
    "Approved": 814,
    "Rejected": 186
  }
}